[
    {
      "name": "Buenos Aires",
      "countryName":"Argentina",
      "isoCode": "B",
      "countryCode": "AR",
      "latitude": "-37.20172850",
      "longitude": "-59.84106970"
    },
    {
      "name": "Catamarca",
      "countryName":"Argentina",
      "isoCode": "K",
      "countryCode": "AR",
      "latitude": "-28.47158770",
      "longitude": "-65.78772090"
    },
    {
      "name": "Chaco",
      "countryName":"Argentina",
      "isoCode": "H",
      "countryCode": "AR",
      "latitude": "-27.42571750",
      "longitude": "-59.02437840"
    },
    {
      "name": "Chubut",
      "countryName":"Argentina",
      "isoCode": "U",
      "countryCode": "AR",
      "latitude": "-43.29342460",
      "longitude": "-65.11148180"
    },
    {
      "name": "Ciudad Autónoma de Buenos Aires",
      "countryName":"Argentina",
      "isoCode": "C",
      "countryCode": "AR",
      "latitude": "-34.60368440",
      "longitude": "-58.38155910"
    },
    {
      "name": "Corrientes",
      "countryName":"Argentina",
      "isoCode": "W",
      "countryCode": "AR",
      "latitude": "-27.46921310",
      "longitude": "-58.83063490"
    },
    {
      "name": "Córdoba",
      "countryName":"Argentina",
      "isoCode": "X",
      "countryCode": "AR",
      "latitude": "-31.39928760",
      "longitude": "-64.26438420"
    },
    {
      "name": "Entre Ríos",
      "countryName":"Argentina",
      "isoCode": "E",
      "countryCode": "AR",
      "latitude": "-31.77466540",
      "longitude": "-60.49564610"
    },
    {
      "name": "Formosa",
      "countryName":"Argentina",
      "isoCode": "P",
      "countryCode": "AR",
      "latitude": "-26.18948040",
      "longitude": "-58.22428060"
    },
    {
      "name": "Jujuy",
      "countryName":"Argentina",
      "isoCode": "Y",
      "countryCode": "AR",
      "latitude": "-24.18433970",
      "longitude": "-65.30217700"
    },
    {
      "name": "La Pampa",
      "countryName":"Argentina",
      "isoCode": "L",
      "countryCode": "AR",
      "latitude": "-36.61475730",
      "longitude": "-64.28392090"
    },
    {
      "name": "La Rioja",
      "countryName":"Argentina",
      "isoCode": "F",
      "countryCode": "AR",
      "latitude": "-29.41937930",
      "longitude": "-66.85599320"
    },
    {
      "name": "Mendoza",
      "countryName":"Argentina",
      "isoCode": "M",
      "countryCode": "AR",
      "latitude": "-32.88945870",
      "longitude": "-68.84583860"
    },
    {
      "name": "Misiones",
      "countryName":"Argentina",
      "isoCode": "N",
      "countryCode": "AR",
      "latitude": "-27.42692550",
      "longitude": "-55.94670760"
    },
    {
      "name": "Neuquén",
      "countryName":"Argentina",
      "isoCode": "Q",
      "countryCode": "AR",
      "latitude": "-38.94587000",
      "longitude": "-68.07309250"
    },
    {
      "name": "Río Negro",
      "countryName":"Argentina",
      "isoCode": "R",
      "countryCode": "AR",
      "latitude": "-40.82614340",
      "longitude": "-63.02663390"
    },
    {
      "name": "Salta",
      "countryName":"Argentina",
      "isoCode": "A",
      "countryCode": "AR",
      "latitude": "-24.79976880",
      "longitude": "-65.41503670"
    },
    {
      "name": "San Juan",
      "countryName":"Argentina",
      "isoCode": "J",
      "countryCode": "AR",
      "latitude": "-31.53169760",
      "longitude": "-68.56769620"
    },
    {
      "name": "San Luis",
      "countryName":"Argentina",
      "isoCode": "D",
      "countryCode": "AR",
      "latitude": "-33.29620420",
      "longitude": "-66.32949480"
    },
    {
      "name": "Santa Cruz",
      "countryName":"Argentina",
      "isoCode": "Z",
      "countryCode": "AR",
      "latitude": "-51.63528210",
      "longitude": "-69.24743530"
    },
    {
      "name": "Santa Fe",
      "countryName":"Argentina",
      "isoCode": "S",
      "countryCode": "AR",
      "latitude": "-31.58551090",
      "longitude": "-60.72380160"
    },
    {
      "name": "Santiago del Estero",
      "countryName":"Argentina",
      "isoCode": "G",
      "countryCode": "AR",
      "latitude": "-27.78335740",
      "longitude": "-64.26416700"
    },
    {
      "name": "Tierra del Fuego",
      "countryName":"Argentina",
      "isoCode": "V",
      "countryCode": "AR",
      "latitude": "-54.80539980",
      "longitude": "-68.32420610"
    },
    {
      "name": "Tucumán",
      "countryName":"Argentina",
      "isoCode": "T",
      "countryCode": "AR",
      "latitude": "-26.82211270",
      "longitude": "-65.21929030"
    },
    {
      "name": "Australian Capital Territory",
      "countryName": "Australia",
      "isoCode": "ACT",
      "countryCode": "AU",
      "latitude": "-35.47346790",
      "longitude": "149.01236790"
    },
    {
      "name": "New South Wales",
      "countryName": "Australia",
      "isoCode": "NSW",
      "countryCode": "AU",
      "latitude": "-31.25321830",
      "longitude": "146.92109900"
    },
    {
      "name": "Northern Territory",
      "countryName": "Australia",
      "isoCode": "NT",
      "countryCode": "AU",
      "latitude": "-19.49141080",
      "longitude": "132.55096030"
    },
    {
      "name": "Queensland",
      "countryName": "Australia",
      "isoCode": "QLD",
      "countryCode": "AU",
      "latitude": "-20.91757380",
      "longitude": "142.70279560"
    },
    {
      "name": "South Australia",
      "countryName": "Australia",
      "isoCode": "SA",
      "countryCode": "AU",
      "latitude": "-30.00023150",
      "longitude": "136.20915470"
    },
    {
      "name": "Tasmania",
      "countryName": "Australia",
      "isoCode": "TAS",
      "countryCode": "AU",
      "latitude": "-41.45451960",
      "longitude": "145.97066470"
    },
    {
      "name": "Victoria",
      "countryName": "Australia",
      "isoCode": "VIC",
      "countryCode": "AU",
      "latitude": "-36.48564230",
      "longitude": "140.97794250"
    },
    {
      "name": "Western Australia",
      "countryName": "Australia",
      "isoCode": "WA",
      "countryCode": "AU",
      "latitude": "-27.67281680",
      "longitude": "121.62830980"
    },
    {
      "name": "Badakhshan",
      "countryName": "Austria",
      "isoCode": "BDS",
      "countryCode": "AF",
      "latitude": "36.73477250",
      "longitude": "70.81199530"
    },
    {
      "name": "Badghis",
      "countryName": "Austria",
      "isoCode": "BDG",
      "countryCode": "AF",
      "latitude": "35.16713390",
      "longitude": "63.76953840"
    },
    {
      "name": "Baghlan",
      "countryName": "Austria",
      "isoCode": "BGL",
      "countryCode": "AF",
      "latitude": "36.17890260",
      "longitude": "68.74530640"
    },
    {
      "name": "Balkh",
      "countryName": "Austria",
      "isoCode": "BAL",
      "countryCode": "AF",
      "latitude": "36.75506030",
      "longitude": "66.89753720"
    },
    {
      "name": "Bamyan",
      "countryName": "Austria",
      "isoCode": "BAM",
      "countryCode": "AF",
      "latitude": "34.81000670",
      "longitude": "67.82121040"
    },
    {
      "name": "Daykundi",
      "countryName": "Austria",
      "isoCode": "DAY",
      "countryCode": "AF",
      "latitude": "33.66949500",
      "longitude": "66.04635340"
    },
    {
      "name": "Farah",
      "countryName": "Austria",
      "isoCode": "FRA",
      "countryCode": "AF",
      "latitude": "32.49532800",
      "longitude": "62.26266270"
    },
    {
      "name": "Faryab",
      "countryName": "Austria",
      "isoCode": "FYB",
      "countryCode": "AF",
      "latitude": "36.07956130",
      "longitude": "64.90595500"
    },
    {
      "name": "Ghazni",
      "countryName": "Austria",
      "isoCode": "GHA",
      "countryCode": "AF",
      "latitude": "33.54505870",
      "longitude": "68.41739720"
    },
    {
      "name": "Ghōr",
      "countryName": "Austria",
      "isoCode": "GHO",
      "countryCode": "AF",
      "latitude": "34.09957760",
      "longitude": "64.90595500"
    },
    {
      "name": "Helmand",
      "countryName": "Austria",
      "isoCode": "HEL",
      "countryCode": "AF",
      "latitude": "39.29893610",
      "longitude": "-76.61604720"
    },
    {
      "name": "Herat",
      "countryName": "Austria",
      "isoCode": "HER",
      "countryCode": "AF",
      "latitude": "34.35286500",
      "longitude": "62.20402870"
    },
    {
      "name": "Jowzjan",
      "countryName": "Austria",
      "isoCode": "JOW",
      "countryCode": "AF",
      "latitude": "36.89696920",
      "longitude": "65.66585680"
    },
    {
      "name": "Kabul",
      "countryName": "Austria",
      "isoCode": "KAB",
      "countryCode": "AF",
      "latitude": "34.55534940",
      "longitude": "69.20748600"
    },
    {
      "name": "Kandahar",
      "countryName": "Austria",
      "isoCode": "KAN",
      "countryCode": "AF",
      "latitude": "31.62887100",
      "longitude": "65.73717490"
    },
    {
      "name": "Kapisa",
      "countryName": "Austria",
      "isoCode": "KAP",
      "countryCode": "AF",
      "latitude": "34.98105720",
      "longitude": "69.62145620"
    },
    {
      "name": "Khost",
      "countryName": "Austria",
      "isoCode": "KHO",
      "countryCode": "AF",
      "latitude": "33.33384720",
      "longitude": "69.93716730"
    },
    {
      "name": "Kunar",
      "countryName": "Austria",
      "isoCode": "KNR",
      "countryCode": "AF",
      "latitude": "34.84658930",
      "longitude": "71.09731700"
    },
    {
      "name": "Kunduz Province",
      "countryName": "Austria",
      "isoCode": "KDZ",
      "countryCode": "AF",
      "latitude": "36.72855110",
      "longitude": "68.86789820"
    },
    {
      "name": "Laghman",
      "countryName": "Austria",
      "isoCode": "LAG",
      "countryCode": "AF",
      "latitude": "34.68976870",
      "longitude": "70.14558050"
    },
    {
      "name": "Logar",
      "countryName": "Austria",
      "isoCode": "LOG",
      "countryCode": "AF",
      "latitude": "34.01455180",
      "longitude": "69.19239160"
    },
    {
      "name": "Nangarhar",
      "countryName": "Austria",
      "isoCode": "NAN",
      "countryCode": "AF",
      "latitude": "34.17183130",
      "longitude": "70.62167940"
    },
    {
      "name": "Nimruz",
      "countryName": "Austria",
      "isoCode": "NIM",
      "countryCode": "AF",
      "latitude": "31.02614880",
      "longitude": "62.45041540"
    },
    {
      "name": "Nuristan",
      "countryName": "Austria",
      "isoCode": "NUR",
      "countryCode": "AF",
      "latitude": "35.32502230",
      "longitude": "70.90712360"
    },
    {
      "name": "Paktia",
      "countryName": "Austria",
      "isoCode": "PIA",
      "countryCode": "AF",
      "latitude": "33.70619900",
      "longitude": "69.38310790"
    },
    {
      "name": "Paktika",
      "countryName": "Austria",
      "isoCode": "PKA",
      "countryCode": "AF",
      "latitude": "32.26453860",
      "longitude": "68.52471490"
    },
    {
      "name": "Panjshir",
      "countryName": "Austria",
      "isoCode": "PAN",
      "countryCode": "AF",
      "latitude": "38.88023910",
      "longitude": "-77.17172380"
    },
    {
      "name": "Parwan",
      "countryName": "Austria",
      "isoCode": "PAR",
      "countryCode": "AF",
      "latitude": "34.96309770",
      "longitude": "68.81088490"
    },
    {
      "name": "Samangan",
      "countryName": "Austria",
      "isoCode": "SAM",
      "countryCode": "AF",
      "latitude": "36.31555060",
      "longitude": "67.96428630"
    },
    {
      "name": "Sar-e Pol",
      "countryName": "Austria",
      "isoCode": "SAR",
      "countryCode": "AF",
      "latitude": "36.21662800",
      "longitude": "65.93336000"
    },
    {
      "name": "Takhar",
      "countryName": "Austria",
      "isoCode": "TAK",
      "countryCode": "AF",
      "latitude": "36.66980130",
      "longitude": "69.47845410"
    },
    {
      "name": "Urozgan",
      "countryName": "Austria",
      "isoCode": "URU",
      "countryCode": "AF",
      "latitude": "32.92712870",
      "longitude": "66.14152630"
    },
    {
      "name": "Zabul",
      "countryName": "Austria",
      "isoCode": "ZAB",
      "countryCode": "AF",
      "latitude": "32.19187820",
      "longitude": "67.18944880"
    },
    {
      "name": "Alberta",
      "countryName": "Canada",
      "isoCode": "AB",
      "countryCode": "CA",
      "latitude": "53.93327060",
      "longitude": "-116.57650350"
    },
    {
      "name": "British Columbia",
      "countryName": "Canada",
      "isoCode": "BC",
      "countryCode": "CA",
      "latitude": "53.72666830",
      "longitude": "-127.64762050"
    },
    {
      "name": "Manitoba",
      "countryName": "Canada",
      "isoCode": "MB",
      "countryCode": "CA",
      "latitude": "53.76086080",
      "longitude": "-98.81387620"
    },
    {
      "name": "New Brunswick",
      "countryName": "Canada",
      "isoCode": "NB",
      "countryCode": "CA",
      "latitude": "46.56531630",
      "longitude": "-66.46191640"
    },
    {
      "name": "Newfoundland and Labrador",
      "countryName": "Canada",
      "isoCode": "NL",
      "countryCode": "CA",
      "latitude": "53.13550910",
      "longitude": "-57.66043640"
    },
    {
      "name": "Northwest Territories",
      "countryName": "Canada",
      "isoCode": "NT",
      "countryCode": "CA",
      "latitude": "64.82554410",
      "longitude": "-124.84573340"
    },
    {
      "name": "Nova Scotia",
      "countryName": "Canada",
      "isoCode": "NS",
      "countryCode": "CA",
      "latitude": "44.68198660",
      "longitude": "-63.74431100"
    },
    {
      "name": "Nunavut",
      "countryName": "Canada",
      "isoCode": "NU",
      "countryCode": "CA",
      "latitude": "70.29977110",
      "longitude": "-83.10757700"
    },
    {
      "name": "Ontario",
      "countryName": "Canada",
      "isoCode": "ON",
      "countryCode": "CA",
      "latitude": "51.25377500",
      "longitude": "-85.32321400"
    },
    {
      "name": "Prince Edward Island",
      "countryName": "Canada",
      "isoCode": "PE",
      "countryCode": "CA",
      "latitude": "46.51071200",
      "longitude": "-63.41681360"
    },
    {
      "name": "Quebec",
      "countryName": "Canada",
      "isoCode": "QC",
      "countryCode": "CA",
      "latitude": "52.93991590",
      "longitude": "-73.54913610"
    },
    {
      "name": "Saskatchewan",
      "countryName": "Canada",
      "isoCode": "SK",
      "countryCode": "CA",
      "latitude": "52.93991590",
      "longitude": "-106.45086390"
    },
    {
      "name": "Yukon",
      "countryName": "Canada",
      "isoCode": "YT",
      "countryCode": "CA",
      "latitude": "35.50672150",
      "longitude": "-97.76254410"
    }
]
